cluster,male,female,BIPOC,white,disabled,not_disabled,alcohol,heroin,methamphetamine,marijuana,cocaine_crack,oxycodone_oxycontin,treatment_days,start_freq,change_freq_relative,july_2015,aug_2015,sept_2015,oct_2015,nov_2015,dec_2015,jan_2016,feb_2016,march_2016,april_2016,may_2016,june_2016,aged 20-30,aged 31-50,aged 51-70,aged 71-100,successful,not_successful,<= 5 days,> 5 days
0,239,91,79,251,28,302,201,29,62,10,10,4,5.0,15.0,-36.66666666666667,53,24,9,36,32,29,20,27,28,20,28,24,61,248,12,9,316,14,188,142
1,219,87,66,240,29,277,207,30,46,4,9,4,3.0,15.0,-25.000000000000007,13,25,54,28,23,24,21,29,25,19,28,17,76,20,206,4,287,19,256,50
2,3,0,1,2,1,2,1,1,0,1,0,0,1.0,2.0,1399.9999999999998,0,0,1,0,0,0,0,1,0,0,0,1,1,2,0,0,0,3,2,1
3,45,18,43,20,16,47,29,10,20,1,2,0,29.0,23.0,-66.66666666666667,4,6,9,3,3,6,5,6,4,5,5,7,24,28,11,0,58,5,0,63
